City,Country
winnemucca,us
chaa-khol,ru
yirol,sd
san mariano,ph
clyde river,ca
sisimiut,gl
caribou,us
lasa,cn
guerrero negro,mx
yulara,au
ulundi,za
sucua,ec
lebu,cl
zerbst,de
laem sing,th
bolshiye uki,ru
vardo,no
youghal,ie
izumo,jp
jadu,ly
okato,nz
damietta,eg
toliary,mg
tigre,pa
broome,au
vao,nc
ribeira grande,pt
margate,za
naryan-mar,ru
akhmim,eg
waipawa,nz
cherskiy,ru
pitimbu,br
zonguldak,tr
harper,lr
sao jose da coroa grande,br
jamestown,sh
nome,us
saint george,bm
si bun ruang,th
port blair,in
ukiah,us
college,us
cape town,za
rikitea,pf
mandapeta,in
saskylakh,ru
inirida,co
orlovskiy,ru
salvador,br
benguela,ao
marabba,sd
port-cartier,ca
darnah,ly
rocha,uy
oudtshoorn,za
hobart,au
sibu,my
brewster,us
ginir,et
buala,sb
vila franca do campo,pt
billings,us
atasu,kz
geraldton,ca
castro,cl
homer,us
raudeberg,no
santo antonio do ica,br
pathein,mm
komsomolskiy,ru
diapaga,bf
bluff,nz
boca do acre,br
busselton,au
lazarev,ru
uva,ru
codrington,ag
idil,tr
antofagasta,cl
farah,af
olean,us
talas,kg
huilong,cn
nishihara,jp
ilulissat,gl
shakawe,bw
wanning,cn
osorheiu,ro
matagami,ca
rungata,ki
eskasem,af
eucaliptus,bo
chuy,uy
siedlce,pl
ambodifototra,mg
pochutla,mx
koumac,nc
oktyabrskiy,ru
vilyuysk,ru
comodoro rivadavia,ar
recodo,ph
baruun-urt,mn
stephenville,us
okhotsk,ru
berlevag,no
ponta delgada,pt
conchas,br
medea,dz
flinders,au
sumbawanga,tz
magui,co
dhidhdhoo,mv
wencheng,cn
severo-kurilsk,ru
isangel,vu
new norfolk,au
tuatapere,nz
saint-leu,re
ahipara,nz
georgetown,sh
kahului,us
torbay,ca
shevchenkove,ua
bubaque,gw
catalao,br
gisborne,nz
rzhaksa,ru
maumere,id
stoyba,ru
mackay,au
kavaratti,in
marrakesh,ma
talnakh,ru
oistins,bb
sitka,us
hohhot,cn
lowestoft,gb
svetlogorsk,ru
mercedes,uy
dingle,ie
noormarkku,fi
gonda,in
shizunai,jp
biggar,ca
poum,nc
chokurdakh,ru
umm durman,sd
lompoc,us
cabo san lucas,mx
mahebourg,mu
ola,ru
port-gentil,ga
kamenskoye,ru
zambezi,zm
touros,br
bonthe,sl
samusu,ws
putla,mx
namie,jp
sabang,id
pravda,ru
khani,ru
opuwo,na
bitam,ga
mount isa,au
shimoda,jp
te anau,nz
panzhihua,cn
deming,us
real,pt
varberg,se
tiksi,ru
messini,gr
salalah,om
hithadhoo,mv
provideniya,ru
jizan,sa
dikson,ru
hit,iq
namatanai,pg
khatanga,ru
kingsville,us
luderitz,na
tasiilaq,gl
kyren,ru
mecca,sa
trelew,ar
angoche,mz
karratha,au
puerto pinasco,py
gorno-chuyskiy,ru
boden,se
shintomi,jp
bethel,us
mount gambier,au
stepnogorsk,kz
quatre cocos,mu
saleaula,ws
amparai,lk
buseresere,tz
guajara,br
bathsheba,bb
dharchula,in
quiruvilca,pe
nanortalik,gl
nantucket,us
alugan,ph
coquimbo,cl
oussouye,sn
kurmanayevka,ru
lisakovsk,kz
roald,no
curup,id
naze,jp
daru,pg
panaba,mx
lodja,cd
kidal,ml
hermanus,za
jasper,ca
victoria,sc
tadine,nc
nara,ml
dien bien,vn
halalo,wf
ulaangom,mn
kendari,id
louisbourg,ca
sentyabrskiy,ru
roros,no
aklavik,ca
suoyarvi,ru
rassvet,ru
panuco,mx
barrow,us
sai buri,th
olafsvik,is
narsaq,gl
belushya guba,ru
cabo rojo,us
iranshahr,ir
masindi,ug
georgetown,us
brunico,it
longyearbyen,sj
gladstone,au
shchors,ua
mar del plata,ar
sorvag,fo
attawapiskat,ca
natal,br
cerrito,py
grindavik,is
nouadhibou,mr
cerveteri,it
salinopolis,br
bilma,ne
kudahuvadhoo,mv
luanda,ao
heishan,cn
kavieng,pg
katsuura,jp
pangkalanbuun,id
rawlins,us
illoqqortoormiut,gl
pevek,ru
iqaluit,ca
flores,br
atherton,au
tambopata,pe
mamallapuram,in
kargasok,ru
petropavlovsk-kamchatskiy,ru
upernavik,gl
zyryanka,ru
shenkursk,ru
jacareacanga,br
gamba,ga
saint-louis,sn
eyl,so
chagda,ru
san cristobal,ec
tuktoyaktuk,ca
mys shmidta,ru
hamilton,bm
abomey,bj
tulungagung,id
danane,ci
bredasdorp,za
klaksvik,fo
cidreira,br
marondera,zw
kupang,id
mataura,pf
san patricio,mx
hamilton,au
pospelikha,ru
taitung,tw
krasnoselkup,ru
bonavista,ca
puerto escondido,mx
broken hill,au
jurado,co
marevo,ru
puerto carreno,co
port elizabeth,za
chernyshevskiy,ru
manyana,bw
tura,ru
constitucion,cl
newcastle,au
butaritari,ki
dujuma,so
hay river,ca
esperance,au
pemba,mz
miri,my
kuldiga,lv
hovd,mn
ust-nera,ru
port alfred,za
guhagar,in
kazalinsk,kz
chipata,zm
bambous virieux,mu
shkotovo-22,ru
samarai,pg
qasigiannguit,gl
corinto,ni
sao filipe,cv
padang,id
thompson,ca
bratsk,ru
alofi,nu
issoudun,fr
avarua,ck
nikolskoye,ru
georgetown,gy
itarema,br
hasaki,jp
warwick,au
hilo,us
gorontalo,id
sorland,no
sungai udang,my
alice springs,au
ruatoria,nz
souillac,mu
saldanha,za
san martin,ar
sukhoy log,ru
wahiawa,us
grand gaube,mu
qidong,cn
dangriga,bz
husavik,is
gondanglegi,id
wulanhaote,cn
calama,cl
pacific grove,us
lamu,ke
damaturu,ng
jinxiang,cn
balykshi,kz
horta,pt
port macquarie,au
saint-philippe,re
airai,pw
nortelandia,br
vaitupu,wf
aswan,eg
pascagoula,us
mogzon,ru
anloga,gh
adrar,dz
urdzhar,kz
bandarban,bd
puerto ayora,ec
churapcha,ru
eureka,us
lavrentiya,ru
marquette,us
murray,us
hualmay,pe
vestmanna,fo
kloulklubed,pw
qaanaaq,gl
gimli,ca
banyo,cm
east london,za
sola,vu
yar-sale,ru
rawson,ar
orotukan,ru
mitha tiwana,pk
neiafu,to
sveti nikole,mk
carnarvon,au
udachnyy,ru
grand river south east,mu
taolanaro,mg
nicoya,cr
oksfjord,no
ucluelet,ca
bonfim,br
saint-augustin,ca
kodiak,us
tiznit,ma
arraial do cabo,br
adre,td
deep river,ca
tessalit,ml
jabiru,au
naruja,ge
verkhnyaya inta,ru
hobyo,so
port hardy,ca
awbari,ly
mossendjo,cg
egvekinot,ru
henties bay,na
teya,ru
alotau,pg
high rock,bs
meadow lake,ca
palmer,us
taburao,ki
esmeralda,cu
cervo,es
ixtapa,mx
vestmannaeyjar,is
smithers,ca
kieta,pg
abu samrah,qa
kralendijk,an
bengkulu,id
labuhan,id
haines junction,ca
tautira,pf
pisco,pe
sao joao da barra,br
lima,pe
bumba,cd
pelym,ru
amderma,ru
parana,br
kamenka,ru
hami,cn
elk grove village,us
caucaia,br
khonuu,ru
jiexiu,cn
sinnamary,gf
bria,cf
pangnirtung,ca
burnie,au
mazatlan,mx
aitape,pg
port lincoln,au
palabuhanratu,id
san quintin,mx
norman wells,ca
leningradskiy,ru
saint-francois,gp
maniitsoq,gl
ponta do sol,pt
bereda,so
cheney,us
vichuga,ru
kirakira,sb
dhola,in
choix,mx
xiangfan,cn
scarborough,gb
laguna,br
kapaa,us
nizhneyansk,ru
ponta do sol,cv
sorong,id
colonial heights,us
zelenoborskiy,ru
fujin,cn
kortkeros,ru
punta arenas,cl
neuquen,ar
oxford,nz
cayenne,gf
los llanos de aridane,es
khor,qa
barentsburg,sj
albany,au
florianopolis,br
nur,ir
berga,es
bull savanna,jm
puerto quijarro,bo
tangping,cn
fortuna,us
vaini,to
deputatskiy,ru
yellowknife,ca
taoudenni,ml
aksu,cn
buraydah,sa
pokaran,in
beloha,mg
kilindoni,tz
necochea,ar
asayita,et
tual,id
kangaba,ml
jalu,ly
caravelas,br
vanavara,ru
pringsewu,id
dunedin,nz
udalguri,in
ostrovnoy,ru
marcona,pe
geraldton,au
linqiong,cn
burgeo,ca
caticlan,ph
tsihombe,mg
biltine,td
matara,lk
port hedland,au
exeter,us
phalaborwa,za
araguaina,br
lolua,tv
vostok,ru
gazojak,tm
lazaro cardenas,mx
camacha,pt
batemans bay,au
aztec,us
vila velha,br
gravdal,no
meridian,us
samana,do
bakchar,ru
zhigansk,ru
coihaique,cl
meulaboh,id
kulhudhuffushi,mv
rosarito,mx
xining,cn
grimshaw,ca
shahreza,ir
kaitangata,nz
paragominas,br
beringovskiy,ru
paamiut,gl
atuona,pf
noumea,nc
enid,us
lorengau,pg
genhe,cn
upington,za
evensk,ru
faro,pt
morehead,pg
kuche,cn
floro,no
lagoa,pt
lucapa,ao
mazara del vallo,it
seydisehir,tr
constitucion,mx
sur,om
tiarei,pf
ust-kamchatsk,ru
cheuskiny,ru
faya,td
asau,tv
chicama,pe
portland,au
bilaspur,in
utiroa,ki
verkhoyansk,ru
la rioja,ar
auki,sb
sambava,mg
ushuaia,ar
vanimo,pg
murgab,tm
aflu,dz
portree,gb
meyungs,pw
belmonte,br
kuryk,kz
valley city,us
faanui,pf
norfolk,us
katherine,au
nha trang,vn
